sequence_identifier;lca_tax_slv
HWI-M00529R:60:000000000-AJBLL:1:1101:12699:1776;"Bacteria;Firmicutes;Clostridia;Oscillospirales;Oscillospiraceae;"
HWI-M00529R:60:000000000-AJBLL:1:1101:15478:1951;"Bacteria;Actinobacteriota;Coriobacteriia;Coriobacteriales;Eggerthellaceae;Senegalimassilia;"
HWI-M00529R:60:000000000-AJBLL:1:1101:20005:2009;"Bacteria;Firmicutes;Clostridia;Lachnospirales;Lachnospiraceae;"
HWI-M00529R:60:000000000-AJBLL:1:1101:13392:2042;"Bacteria;Firmicutes;Clostridia;Lachnospirales;Lachnospiraceae;"
HWI-M00529R:60:000000000-AJBLL:1:1101:17491:2082;"Bacteria;Firmicutes;Clostridia;Oscillospirales;Ruminococcaceae;Faecalibacterium;"
HWI-M00529R:60:000000000-AJBLL:1:1101:17367:2094;"Bacteria;Firmicutes;Clostridia;Lachnospirales;Lachnospiraceae;"
HWI-M00529R:60:000000000-AJBLL:1:1101:13887:2390;"Bacteria;Firmicutes;Clostridia;Oscillospirales;Oscillospiraceae;Oscillibacter;"
HWI-M00529R:60:000000000-AJBLL:1:1101:17759:2403;"Bacteria;Firmicutes;Clostridia;Oscillospirales;[Eubacterium] coprostanoligenes group;"
HWI-M00529R:60:000000000-AJBLL:1:1101:18666:2487;"Bacteria;Bacteroidota;Bacteroidia;Bacteroidales;Prevotellaceae;Prevotellaceae UCG-001;"
HWI-M00529R:60:000000000-AJBLL:1:1101:17173:2571;"Bacteria;Bacteroidota;Bacteroidia;Bacteroidales;Prevotellaceae;Prevotellaceae UCG-001;"
HWI-M00529R:60:000000000-AJBLL:1:1101:11578:2585;"Bacteria;Actinobacteriota;Actinobacteria;Bifidobacteriales;Bifidobacteriaceae;Bifidobacterium;"
HWI-M00529R:60:000000000-AJBLL:1:1101:16027:2685;"Bacteria;Bacteroidota;Bacteroidia;Bacteroidales;Tannerellaceae;Parabacteroides;"
HWI-M00529R:60:000000000-AJBLL:1:1101:11861:2826;"Bacteria;Firmicutes;Clostridia;Oscillospirales;Ruminococcaceae;Ruminococcus;"
HWI-M00529R:60:000000000-AJBLL:1:1101:17468:2829;"Bacteria;Firmicutes;Clostridia;Oscillospirales;Oscillospiraceae;UCG-003;"
HWI-M00529R:60:000000000-AJBLL:1:1101:13610:2851;"Bacteria;Bacteroidota;Bacteroidia;Bacteroidales;Prevotellaceae;Prevotellaceae UCG-001;"
HWI-M00529R:60:000000000-AJBLL:1:1101:18172:3065;"Bacteria;Firmicutes;Clostridia;Oscillospirales;Ruminococcaceae;Ruminococcus;"
HWI-M00529R:60:000000000-AJBLL:1:1101:21938:3067;"Bacteria;Firmicutes;Clostridia;Lachnospirales;Lachnospiraceae;"
HWI-M00529R:60:000000000-AJBLL:1:1101:16649:3093;"Bacteria;Firmicutes;Clostridia;Oscillospirales;Oscillospiraceae;"
HWI-M00529R:60:000000000-AJBLL:1:1101:19761:3101;"Bacteria;Bacteroidota;Bacteroidia;Bacteroidales;Prevotellaceae;Prevotellaceae UCG-001;"
HWI-M00529R:60:000000000-AJBLL:1:1101:18715:3161;"Bacteria;Firmicutes;Clostridia;Oscillospirales;Oscillospiraceae;UCG-002;"
HWI-M00529R:60:000000000-AJBLL:1:1101:19989:3260;"Bacteria;Bacteroidota;Bacteroidia;Bacteroidales;Prevotellaceae;Prevotellaceae UCG-001;"
HWI-M00529R:60:000000000-AJBLL:1:1101:13241:3264;"Bacteria;Bacteroidota;Bacteroidia;Bacteroidales;Bacteroidaceae;Bacteroides;"
HWI-M00529R:60:000000000-AJBLL:1:1101:18867:3266;"Bacteria;Bacteroidota;Bacteroidia;Bacteroidales;Tannerellaceae;Parabacteroides;"
HWI-M00529R:60:000000000-AJBLL:1:1101:22615:3308;"Bacteria;Bacteroidota;Bacteroidia;Bacteroidales;Bacteroidaceae;Bacteroides;"
HWI-M00529R:60:000000000-AJBLL:1:1101:14513:3404;"Bacteria;Firmicutes;Clostridia;Oscillospirales;Ruminococcaceae;Faecalibacterium;"
HWI-M00529R:60:000000000-AJBLL:1:1101:21171:3413;"Bacteria;Firmicutes;Clostridia;Oscillospirales;Ruminococcaceae;Faecalibacterium;"
HWI-M00529R:60:000000000-AJBLL:1:1101:12914:3423;"Bacteria;Bacteroidota;Bacteroidia;Bacteroidales;Prevotellaceae;Prevotellaceae UCG-001;"
HWI-M00529R:60:000000000-AJBLL:1:1101:15995:3438;"Bacteria;Firmicutes;Negativicutes;Veillonellales-Selenomonadales;Veillonellaceae;Dialister;"
HWI-M00529R:60:000000000-AJBLL:1:1101:8721:3485;"Unclassified;"
HWI-M00529R:60:000000000-AJBLL:1:1101:19677:3681;"Bacteria;Actinobacteriota;Coriobacteriia;Coriobacteriales;Coriobacteriaceae;Collinsella;"
HWI-M00529R:60:000000000-AJBLL:1:1101:22070:3684;"Bacteria;Firmicutes;Clostridia;Oscillospirales;Ruminococcaceae;Subdoligranulum;"
HWI-M00529R:60:000000000-AJBLL:1:1101:13025:3688;"Bacteria;Firmicutes;Clostridia;Lachnospirales;Lachnospiraceae;Blautia;"
HWI-M00529R:60:000000000-AJBLL:1:1101:20423:3861;"Bacteria;Bacteroidota;Bacteroidia;Bacteroidales;Prevotellaceae;Prevotellaceae UCG-001;"
HWI-M00529R:60:000000000-AJBLL:1:1101:13747:3864;"Bacteria;Firmicutes;Clostridia;Oscillospirales;Ruminococcaceae;Ruminococcus;"
HWI-M00529R:60:000000000-AJBLL:1:1101:20076:4033;"Bacteria;Firmicutes;Clostridia;Lachnospirales;Lachnospiraceae;"
HWI-M00529R:60:000000000-AJBLL:1:1101:19978:4079;"Bacteria;Actinobacteriota;Actinobacteria;Bifidobacteriales;Bifidobacteriaceae;Bifidobacterium;"
HWI-M00529R:60:000000000-AJBLL:1:1101:21965:4090;"Bacteria;Firmicutes;Clostridia;Lachnospirales;Lachnospiraceae;uncultured;"
HWI-M00529R:60:000000000-AJBLL:1:1101:20486:4167;"Bacteria;Bacteroidota;Bacteroidia;Bacteroidales;Prevotellaceae;Prevotellaceae UCG-001;"
HWI-M00529R:60:000000000-AJBLL:1:1101:21753:4187;"Bacteria;Firmicutes;Clostridia;Oscillospirales;Ruminococcaceae;Ruminococcus;"
HWI-M00529R:60:000000000-AJBLL:1:1101:18539:4272;"Bacteria;Firmicutes;Clostridia;Oscillospirales;Ruminococcaceae;Faecalibacterium;"
HWI-M00529R:60:000000000-AJBLL:1:1101:17074:4327;"Bacteria;Bacteroidota;Bacteroidia;Bacteroidales;Prevotellaceae;Prevotellaceae UCG-001;"
HWI-M00529R:60:000000000-AJBLL:1:1101:13098:4350;"Bacteria;Firmicutes;Clostridia;Lachnospirales;Lachnospiraceae;Anaerostipes;"
HWI-M00529R:60:000000000-AJBLL:1:1101:21058:4405;"Bacteria;Firmicutes;Clostridia;"
HWI-M00529R:60:000000000-AJBLL:1:1101:21887:4534;"Bacteria;Firmicutes;Clostridia;Oscillospirales;Ruminococcaceae;Faecalibacterium;"
HWI-M00529R:60:000000000-AJBLL:1:1101:24082:4544;"Bacteria;Bacteroidota;Bacteroidia;Bacteroidales;Bacteroidaceae;Bacteroides;"
HWI-M00529R:60:000000000-AJBLL:1:1101:14644:4657;"Bacteria;Firmicutes;Clostridia;Oscillospirales;Ruminococcaceae;Faecalibacterium;"
HWI-M00529R:60:000000000-AJBLL:1:1101:20538:4666;"Bacteria;Bacteroidota;Bacteroidia;Bacteroidales;Tannerellaceae;Parabacteroides;"
HWI-M00529R:60:000000000-AJBLL:1:1101:19150:4677;"Bacteria;Bacteroidota;Bacteroidia;Bacteroidales;Prevotellaceae;Prevotellaceae UCG-001;"
HWI-M00529R:60:000000000-AJBLL:1:1101:13753:4723;"Bacteria;Bacteroidota;Bacteroidia;Bacteroidales;Prevotellaceae;Prevotellaceae UCG-001;"
HWI-M00529R:60:000000000-AJBLL:1:1101:23775:4730;"Bacteria;Firmicutes;Clostridia;Lachnospirales;Lachnospiraceae;"
HWI-M00529R:60:000000000-AJBLL:1:1101:17021:4771;"Bacteria;Firmicutes;Clostridia;Oscillospirales;Ruminococcaceae;Subdoligranulum;"
HWI-M00529R:60:000000000-AJBLL:1:1101:12060:4801;"Bacteria;Firmicutes;Clostridia;Oscillospirales;[Eubacterium] coprostanoligenes group;"
HWI-M00529R:60:000000000-AJBLL:1:1101:11901:4820;"Bacteria;Bacteroidota;Bacteroidia;Bacteroidales;Prevotellaceae;Prevotellaceae UCG-001;"
HWI-M00529R:60:000000000-AJBLL:1:1101:23613:4826;"Bacteria;Firmicutes;Clostridia;Lachnospirales;Lachnospiraceae;Roseburia;"
HWI-M00529R:60:000000000-AJBLL:1:1101:12103:4830;"Bacteria;Firmicutes;Negativicutes;Veillonellales-Selenomonadales;Veillonellaceae;Dialister;"
HWI-M00529R:60:000000000-AJBLL:1:1101:16611:4837;"Bacteria;Firmicutes;Clostridia;Lachnospirales;Lachnospiraceae;"
HWI-M00529R:60:000000000-AJBLL:1:1101:24132:4917;"Bacteria;Firmicutes;Clostridia;Oscillospirales;Ruminococcaceae;Faecalibacterium;"
HWI-M00529R:60:000000000-AJBLL:1:1101:21973:4924;"Bacteria;Proteobacteria;Gammaproteobacteria;Enterobacterales;Enterobacteriaceae;Escherichia-Shigella;"
HWI-M00529R:60:000000000-AJBLL:1:1101:18416:4950;"Bacteria;Actinobacteriota;Actinobacteria;Bifidobacteriales;Bifidobacteriaceae;Bifidobacterium;"
HWI-M00529R:60:000000000-AJBLL:1:1101:21006:5048;"Bacteria;Firmicutes;Clostridia;Lachnospirales;Lachnospiraceae;Lachnospira;"
HWI-M00529R:60:000000000-AJBLL:1:1101:12161:5154;"Bacteria;Bacteroidota;Bacteroidia;Bacteroidales;Barnesiellaceae;Barnesiella;"
HWI-M00529R:60:000000000-AJBLL:1:1101:23155:5211;"Bacteria;Firmicutes;Clostridia;Oscillospirales;Ruminococcaceae;Ruminococcus;"
HWI-M00529R:60:000000000-AJBLL:1:1101:12119:5213;"Bacteria;Bacteroidota;Bacteroidia;Bacteroidales;Bacteroidaceae;Bacteroides;"
HWI-M00529R:60:000000000-AJBLL:1:1101:19425:5244;"Bacteria;Firmicutes;Clostridia;Lachnospirales;Lachnospiraceae;"
HWI-M00529R:60:000000000-AJBLL:1:1101:13566:5282;"Bacteria;Firmicutes;Clostridia;Oscillospirales;[Eubacterium] coprostanoligenes group;"
HWI-M00529R:60:000000000-AJBLL:1:1101:20782:5418;"Bacteria;Bacteroidota;Bacteroidia;Bacteroidales;Prevotellaceae;Prevotellaceae UCG-001;"
HWI-M00529R:60:000000000-AJBLL:1:1101:20255:5441;"Bacteria;Firmicutes;Clostridia;Lachnospirales;Lachnospiraceae;Anaerostipes;"
HWI-M00529R:60:000000000-AJBLL:1:1101:20644:5455;"Bacteria;Actinobacteriota;Actinobacteria;Bifidobacteriales;Bifidobacteriaceae;Bifidobacterium;"
HWI-M00529R:60:000000000-AJBLL:1:1101:24806:5467;"Bacteria;Firmicutes;Clostridia;Lachnospirales;Lachnospiraceae;"
HWI-M00529R:60:000000000-AJBLL:1:1101:5937:5587;"Bacteria;Firmicutes;Clostridia;Oscillospirales;Ruminococcaceae;Ruminococcus;"
HWI-M00529R:60:000000000-AJBLL:1:1101:19609:5587;"Bacteria;Bacteroidota;Bacteroidia;Bacteroidales;Prevotellaceae;Prevotellaceae UCG-001;"
HWI-M00529R:60:000000000-AJBLL:1:1101:19186:5603;"Bacteria;Actinobacteriota;Coriobacteriia;Coriobacteriales;Eggerthellaceae;"
HWI-M00529R:60:000000000-AJBLL:1:1101:23447:5733;"Bacteria;Firmicutes;Clostridia;Lachnospirales;Lachnospiraceae;Blautia;"
HWI-M00529R:60:000000000-AJBLL:1:1101:21186:5874;"Bacteria;Bacteroidota;Bacteroidia;Bacteroidales;Bacteroidaceae;Bacteroides;"
HWI-M00529R:60:000000000-AJBLL:1:1101:24632:5960;"Bacteria;Proteobacteria;Gammaproteobacteria;Burkholderiales;Sutterellaceae;Sutterella;"
HWI-M00529R:60:000000000-AJBLL:1:1101:24483:5985;"Bacteria;Firmicutes;Clostridia;Lachnospirales;Lachnospiraceae;Blautia;"
HWI-M00529R:60:000000000-AJBLL:1:1101:16581:6095;"Bacteria;Firmicutes;Clostridia;Oscillospirales;Ruminococcaceae;Negativibacillus;"
HWI-M00529R:60:000000000-AJBLL:1:1101:19531:6154;"Bacteria;Firmicutes;Clostridia;Oscillospirales;Ruminococcaceae;Subdoligranulum;"
HWI-M00529R:60:000000000-AJBLL:1:1101:22723:6216;"Bacteria;Bacteroidota;Bacteroidia;Bacteroidales;Prevotellaceae;Prevotellaceae UCG-001;"
HWI-M00529R:60:000000000-AJBLL:1:1101:16926:6220;"Bacteria;Firmicutes;Clostridia;Oscillospirales;Ruminococcaceae;Ruminococcus;"
HWI-M00529R:60:000000000-AJBLL:1:1101:23518:6240;"Unclassified;"
HWI-M00529R:60:000000000-AJBLL:1:1101:24456:6255;"Bacteria;Firmicutes;Clostridia;Oscillospirales;Ruminococcaceae;Ruminococcus;"
HWI-M00529R:60:000000000-AJBLL:1:1101:18018:6300;"Bacteria;Bacteroidota;Bacteroidia;Bacteroidales;Prevotellaceae;Prevotellaceae UCG-001;"
HWI-M00529R:60:000000000-AJBLL:1:1101:15855:6303;"Bacteria;Firmicutes;Clostridia;Oscillospirales;Oscillospiraceae;UCG-002;"
HWI-M00529R:60:000000000-AJBLL:1:1101:22129:6321;"Bacteria;Firmicutes;Clostridia;Oscillospirales;Ruminococcaceae;Faecalibacterium;"
HWI-M00529R:60:000000000-AJBLL:1:1101:6108:6331;"Bacteria;Bacteroidota;Bacteroidia;Bacteroidales;Barnesiellaceae;Barnesiella;"
HWI-M00529R:60:000000000-AJBLL:1:1101:7017:6365;"Bacteria;Firmicutes;Clostridia;Lachnospirales;Lachnospiraceae;"
HWI-M00529R:60:000000000-AJBLL:1:1101:17820:6390;"Bacteria;Bacteroidota;Bacteroidia;Bacteroidales;Prevotellaceae;Prevotellaceae UCG-001;"
HWI-M00529R:60:000000000-AJBLL:1:1101:17688:6394;"Bacteria;Firmicutes;Clostridia;Lachnospirales;Lachnospiraceae;Fusicatenibacter;"
HWI-M00529R:60:000000000-AJBLL:1:1101:23899:6465;"Bacteria;Firmicutes;Negativicutes;Veillonellales-Selenomonadales;Veillonellaceae;Dialister;"
HWI-M00529R:60:000000000-AJBLL:1:1101:18076:6493;"Bacteria;Actinobacteriota;Actinobacteria;Bifidobacteriales;Bifidobacteriaceae;Bifidobacterium;"
HWI-M00529R:60:000000000-AJBLL:1:1101:16009:6499;"Bacteria;Firmicutes;Clostridia;Lachnospirales;Lachnospiraceae;"
HWI-M00529R:60:000000000-AJBLL:1:1101:23558:6510;"Bacteria;Firmicutes;Clostridia;Lachnospirales;Lachnospiraceae;"
HWI-M00529R:60:000000000-AJBLL:1:1101:24359:6510;"Bacteria;Firmicutes;Clostridia;Oscillospirales;Oscillospiraceae;"
HWI-M00529R:60:000000000-AJBLL:1:1101:17824:6520;"Bacteria;Actinobacteriota;Coriobacteriia;Coriobacteriales;Eggerthellaceae;Senegalimassilia;"
HWI-M00529R:60:000000000-AJBLL:1:1101:7581:6528;"Bacteria;Firmicutes;Clostridia;Oscillospirales;Oscillospiraceae;UCG-003;"
HWI-M00529R:60:000000000-AJBLL:1:1101:21266:6562;"Bacteria;Firmicutes;Clostridia;Lachnospirales;Lachnospiraceae;Fusicatenibacter;"
HWI-M00529R:60:000000000-AJBLL:1:1101:5510:6573;"Bacteria;Firmicutes;Clostridia;Lachnospirales;Lachnospiraceae;uncultured;"
HWI-M00529R:60:000000000-AJBLL:1:1101:5479:6599;"Bacteria;Firmicutes;Clostridia;Oscillospirales;Ruminococcaceae;Subdoligranulum;"
HWI-M00529R:60:000000000-AJBLL:1:1101:23171:6601;"Bacteria;Bacteroidota;Bacteroidia;Bacteroidales;Prevotellaceae;Prevotellaceae UCG-001;"
HWI-M00529R:60:000000000-AJBLL:1:1101:16761:6640;"Bacteria;Bacteroidota;Bacteroidia;Bacteroidales;Prevotellaceae;Prevotellaceae UCG-001;"
HWI-M00529R:60:000000000-AJBLL:1:1101:12265:6695;"Bacteria;Bacteroidota;Bacteroidia;Bacteroidales;Prevotellaceae;Prevotellaceae UCG-001;"
HWI-M00529R:60:000000000-AJBLL:1:1101:24986:6767;"Bacteria;Bacteroidota;Bacteroidia;Bacteroidales;Tannerellaceae;Parabacteroides;"
HWI-M00529R:60:000000000-AJBLL:1:1101:22203:6788;"Bacteria;Bacteroidota;Bacteroidia;Bacteroidales;Bacteroidaceae;Bacteroides;"
HWI-M00529R:60:000000000-AJBLL:1:1101:21007:6792;"Bacteria;Firmicutes;Negativicutes;Veillonellales-Selenomonadales;Veillonellaceae;Dialister;"
HWI-M00529R:60:000000000-AJBLL:1:1101:23314:6831;"Bacteria;Bacteroidota;Bacteroidia;Bacteroidales;Prevotellaceae;Prevotellaceae UCG-001;"
HWI-M00529R:60:000000000-AJBLL:1:1101:7283:6836;"Bacteria;Bacteroidota;Bacteroidia;Bacteroidales;Prevotellaceae;Prevotellaceae UCG-001;"
HWI-M00529R:60:000000000-AJBLL:1:1101:24812:6844;"Bacteria;Firmicutes;Clostridia;Oscillospirales;Ruminococcaceae;Faecalibacterium;"
HWI-M00529R:60:000000000-AJBLL:1:1101:23419:6853;"Bacteria;Firmicutes;Clostridia;Oscillospirales;Ruminococcaceae;Negativibacillus;"
HWI-M00529R:60:000000000-AJBLL:1:1101:4718:6860;"Bacteria;Firmicutes;Clostridia;Oscillospirales;Ruminococcaceae;Incertae Sedis;"
HWI-M00529R:60:000000000-AJBLL:1:1101:5489:6883;"Bacteria;Firmicutes;Clostridia;Lachnospirales;Lachnospiraceae;[Ruminococcus] gnavus group;"
HWI-M00529R:60:000000000-AJBLL:1:1101:11858:6930;"Bacteria;Bacteroidota;Bacteroidia;Bacteroidales;Prevotellaceae;Prevotellaceae UCG-001;"
HWI-M00529R:60:000000000-AJBLL:1:1101:20219:6938;"Bacteria;Bacteroidota;Bacteroidia;Bacteroidales;Marinifilaceae;Odoribacter;"
HWI-M00529R:60:000000000-AJBLL:1:1101:18421:6975;"Bacteria;Proteobacteria;Gammaproteobacteria;Enterobacterales;Enterobacteriaceae;Escherichia-Shigella;"
HWI-M00529R:60:000000000-AJBLL:1:1101:19154:6983;"Bacteria;Bacteroidota;Bacteroidia;Bacteroidales;Rikenellaceae;Alistipes;"
HWI-M00529R:60:000000000-AJBLL:1:1101:12513:7009;"Bacteria;Firmicutes;Clostridia;Oscillospirales;Ruminococcaceae;Faecalibacterium;"
HWI-M00529R:60:000000000-AJBLL:1:1101:6683:7028;"Bacteria;Firmicutes;Clostridia;Oscillospirales;Ruminococcaceae;Ruminococcus;"
HWI-M00529R:60:000000000-AJBLL:1:1101:19897:7035;"Bacteria;Bacteroidota;Bacteroidia;Bacteroidales;Prevotellaceae;Prevotellaceae UCG-001;"
HWI-M00529R:60:000000000-AJBLL:1:1101:7673:7053;"Bacteria;Firmicutes;Clostridia;Oscillospirales;Ruminococcaceae;Faecalibacterium;"
HWI-M00529R:60:000000000-AJBLL:1:1101:20314:7078;"Bacteria;Firmicutes;Clostridia;Oscillospirales;Ruminococcaceae;Faecalibacterium;"
HWI-M00529R:60:000000000-AJBLL:1:1101:23739:7078;"Bacteria;Firmicutes;Clostridia;Lachnospirales;Lachnospiraceae;"
HWI-M00529R:60:000000000-AJBLL:1:1101:22850:7079;"Bacteria;Firmicutes;Clostridia;Oscillospirales;Oscillospiraceae;UCG-002;"
HWI-M00529R:60:000000000-AJBLL:1:1101:5730:7099;"Bacteria;Firmicutes;Clostridia;Oscillospirales;Oscillospiraceae;UCG-002;"
HWI-M00529R:60:000000000-AJBLL:1:1101:26938:7142;"Bacteria;Bacteroidota;Bacteroidia;Bacteroidales;Prevotellaceae;Prevotellaceae UCG-001;"
HWI-M00529R:60:000000000-AJBLL:1:1101:18631:7151;"Bacteria;Bacteroidota;Bacteroidia;Bacteroidales;Prevotellaceae;Prevotellaceae UCG-001;"
HWI-M00529R:60:000000000-AJBLL:1:1101:19223:7202;"Bacteria;Firmicutes;Clostridia;Lachnospirales;Lachnospiraceae;Blautia;"
HWI-M00529R:60:000000000-AJBLL:1:1101:19138:7242;"Bacteria;Firmicutes;Clostridia;Oscillospirales;Ruminococcaceae;Faecalibacterium;"
HWI-M00529R:60:000000000-AJBLL:1:1101:20021:7331;"Bacteria;Firmicutes;Clostridia;Oscillospirales;Ruminococcaceae;Subdoligranulum;"
HWI-M00529R:60:000000000-AJBLL:1:1101:21972:7348;"Bacteria;Bacteroidota;Bacteroidia;Bacteroidales;Prevotellaceae;Prevotellaceae UCG-001;"
HWI-M00529R:60:000000000-AJBLL:1:1101:26269:7352;"Bacteria;Bacteroidota;Bacteroidia;Bacteroidales;Prevotellaceae;Prevotellaceae UCG-001;"
HWI-M00529R:60:000000000-AJBLL:1:1101:4317:7428;"Bacteria;Firmicutes;Clostridia;Oscillospirales;Ruminococcaceae;Ruminococcus;"
HWI-M00529R:60:000000000-AJBLL:1:1101:18921:7544;"Bacteria;Bacteroidota;Bacteroidia;Bacteroidales;Bacteroidaceae;Bacteroides;"
HWI-M00529R:60:000000000-AJBLL:1:1101:18739:7552;"Bacteria;Firmicutes;Clostridia;Oscillospirales;Ruminococcaceae;Ruminococcus;"
HWI-M00529R:60:000000000-AJBLL:1:1101:22745:7556;"Bacteria;Bacteroidota;Bacteroidia;Bacteroidales;Bacteroidaceae;Bacteroides;"
HWI-M00529R:60:000000000-AJBLL:1:1101:4650:7570;"Bacteria;Bacteroidota;Bacteroidia;Bacteroidales;Tannerellaceae;Parabacteroides;"
HWI-M00529R:60:000000000-AJBLL:1:1101:4068:7572;"Bacteria;Firmicutes;Clostridia;Oscillospirales;Ruminococcaceae;Faecalibacterium;"
HWI-M00529R:60:000000000-AJBLL:1:1101:4288:7615;"Bacteria;Bacteroidota;Bacteroidia;Bacteroidales;Prevotellaceae;Prevotellaceae UCG-001;"
HWI-M00529R:60:000000000-AJBLL:1:1101:20198:7619;"Bacteria;Actinobacteriota;Actinobacteria;Bifidobacteriales;Bifidobacteriaceae;Bifidobacterium;"
HWI-M00529R:60:000000000-AJBLL:1:1101:18095:7742;"Bacteria;Bacteroidota;Bacteroidia;Bacteroidales;Prevotellaceae;Prevotellaceae UCG-001;"
HWI-M00529R:60:000000000-AJBLL:1:1101:4063:7836;"Bacteria;Bacteroidota;Bacteroidia;Bacteroidales;Prevotellaceae;Prevotellaceae UCG-001;"
HWI-M00529R:60:000000000-AJBLL:1:1101:5365:7844;"Bacteria;Bacteroidota;Bacteroidia;Bacteroidales;Bacteroidaceae;Bacteroides;"
HWI-M00529R:60:000000000-AJBLL:1:1101:4886:7888;"Bacteria;Bacteroidota;Bacteroidia;Bacteroidales;Prevotellaceae;Prevotellaceae UCG-001;"
HWI-M00529R:60:000000000-AJBLL:1:1101:8343:7944;"Bacteria;Firmicutes;Clostridia;Oscillospirales;Ruminococcaceae;Faecalibacterium;"
HWI-M00529R:60:000000000-AJBLL:1:1101:7990:7972;"Bacteria;Firmicutes;Clostridia;Lachnospirales;Lachnospiraceae;Blautia;"
HWI-M00529R:60:000000000-AJBLL:1:1101:25447:7977;"Bacteria;Firmicutes;Clostridia;Oscillospirales;Ruminococcaceae;Subdoligranulum;"
HWI-M00529R:60:000000000-AJBLL:1:1101:11739:7994;"Bacteria;Firmicutes;Clostridia;Lachnospirales;Lachnospiraceae;"
HWI-M00529R:60:000000000-AJBLL:1:1101:22964:8048;"Bacteria;Actinobacteriota;Actinobacteria;Bifidobacteriales;Bifidobacteriaceae;Bifidobacterium;"
HWI-M00529R:60:000000000-AJBLL:1:1101:23463:8130;"Bacteria;Firmicutes;Clostridia;Oscillospirales;Butyricicoccaceae;Butyricicoccus;"
HWI-M00529R:60:000000000-AJBLL:1:1101:23311:8143;"Bacteria;Bacteroidota;Bacteroidia;Bacteroidales;Prevotellaceae;"
HWI-M00529R:60:000000000-AJBLL:1:1101:17967:8153;"Bacteria;Firmicutes;Clostridia;Oscillospirales;Ruminococcaceae;Faecalibacterium;"
HWI-M00529R:60:000000000-AJBLL:1:1101:24828:8165;"Bacteria;Firmicutes;Clostridia;Christensenellales;Christensenellaceae;"
HWI-M00529R:60:000000000-AJBLL:1:1101:23156:8200;"Bacteria;Firmicutes;Clostridia;Oscillospirales;Oscillospiraceae;UCG-002;"
HWI-M00529R:60:000000000-AJBLL:1:1101:22817:8230;"Bacteria;Firmicutes;Clostridia;Oscillospirales;Ruminococcaceae;Faecalibacterium;"
HWI-M00529R:60:000000000-AJBLL:1:1101:22863:8240;"Bacteria;Firmicutes;Clostridia;Lachnospirales;Lachnospiraceae;"
HWI-M00529R:60:000000000-AJBLL:1:1101:25916:8255;"Unclassified;"
HWI-M00529R:60:000000000-AJBLL:1:1101:6835:8286;"Bacteria;Bacteroidota;Bacteroidia;Bacteroidales;Prevotellaceae;Prevotellaceae UCG-001;"
HWI-M00529R:60:000000000-AJBLL:1:1101:7945:8293;"Bacteria;Bacteroidota;Bacteroidia;Bacteroidales;Prevotellaceae;Prevotellaceae UCG-001;"
HWI-M00529R:60:000000000-AJBLL:1:1101:22697:8300;"Bacteria;Firmicutes;Clostridia;Oscillospirales;Ruminococcaceae;Faecalibacterium;"
HWI-M00529R:60:000000000-AJBLL:1:1101:24463:8329;"Bacteria;Firmicutes;Clostridia;Lachnospirales;Lachnospiraceae;Lachnospiraceae NK4A136 group;"
HWI-M00529R:60:000000000-AJBLL:1:1101:15848:8333;"Bacteria;Bacteroidota;Bacteroidia;Bacteroidales;Bacteroidaceae;Bacteroides;"
HWI-M00529R:60:000000000-AJBLL:1:1101:27575:8338;"Unclassified;"
HWI-M00529R:60:000000000-AJBLL:1:1101:22146:8353;"Bacteria;Firmicutes;Clostridia;Oscillospirales;[Eubacterium] coprostanoligenes group;"
HWI-M00529R:60:000000000-AJBLL:1:1101:3907:8354;"Bacteria;Firmicutes;Clostridia;Oscillospirales;Oscillospiraceae;UCG-002;"
HWI-M00529R:60:000000000-AJBLL:1:1101:6960:8408;"Bacteria;Firmicutes;Clostridia;Oscillospirales;[Eubacterium] coprostanoligenes group;"
HWI-M00529R:60:000000000-AJBLL:1:1101:8480:8409;"Bacteria;Firmicutes;Negativicutes;Veillonellales-Selenomonadales;Veillonellaceae;Dialister;"
HWI-M00529R:60:000000000-AJBLL:1:1101:23285:8424;"Bacteria;Actinobacteriota;Coriobacteriia;Coriobacteriales;Eggerthellaceae;uncultured;"
HWI-M00529R:60:000000000-AJBLL:1:1101:24535:8429;"Bacteria;Firmicutes;Clostridia;Oscillospirales;Ruminococcaceae;Subdoligranulum;"
HWI-M00529R:60:000000000-AJBLL:1:1101:5851:8432;"Bacteria;Bacteroidota;Bacteroidia;Bacteroidales;Bacteroidaceae;Bacteroides;"
HWI-M00529R:60:000000000-AJBLL:1:1101:21926:8438;"Bacteria;Bacteroidota;Bacteroidia;Bacteroidales;Tannerellaceae;Parabacteroides;"
HWI-M00529R:60:000000000-AJBLL:1:1101:16718:8443;"Bacteria;Firmicutes;Clostridia;Oscillospirales;Ruminococcaceae;Faecalibacterium;"
HWI-M00529R:60:000000000-AJBLL:1:1101:25765:8475;"Bacteria;Firmicutes;Clostridia;Oscillospirales;Oscillospiraceae;UCG-002;"
HWI-M00529R:60:000000000-AJBLL:1:1101:18091:8519;"Bacteria;Firmicutes;Clostridia;Oscillospirales;Ruminococcaceae;Ruminococcus;"
HWI-M00529R:60:000000000-AJBLL:1:1101:24339:8560;"Bacteria;Firmicutes;Clostridia;Oscillospirales;Ruminococcaceae;Faecalibacterium;"
HWI-M00529R:60:000000000-AJBLL:1:1101:22277:8561;"Bacteria;Firmicutes;Clostridia;Lachnospirales;Lachnospiraceae;"
HWI-M00529R:60:000000000-AJBLL:1:1101:11580:8573;"Bacteria;Bacteroidota;Bacteroidia;Bacteroidales;Prevotellaceae;Prevotellaceae UCG-001;"
HWI-M00529R:60:000000000-AJBLL:1:1101:25149:8619;"Bacteria;Firmicutes;Clostridia;Oscillospirales;Ruminococcaceae;Faecalibacterium;"
HWI-M00529R:60:000000000-AJBLL:1:1101:15431:8620;"Bacteria;Bacteroidota;Bacteroidia;Bacteroidales;Bacteroidaceae;Bacteroides;"
HWI-M00529R:60:000000000-AJBLL:1:1101:24298:8621;"Bacteria;Bacteroidota;Bacteroidia;Bacteroidales;Prevotellaceae;Prevotellaceae UCG-001;"
HWI-M00529R:60:000000000-AJBLL:1:1101:23714:8621;"Bacteria;Firmicutes;Clostridia;Oscillospirales;Oscillospiraceae;NK4A214 group;"
HWI-M00529R:60:000000000-AJBLL:1:1101:16950:8639;"Bacteria;Bacteroidota;Bacteroidia;Bacteroidales;Rikenellaceae;Alistipes;"
HWI-M00529R:60:000000000-AJBLL:1:1101:25580:8662;"Bacteria;Firmicutes;Clostridia;Oscillospirales;Ruminococcaceae;Faecalibacterium;"
HWI-M00529R:60:000000000-AJBLL:1:1101:25629:8699;"Bacteria;Firmicutes;Clostridia;Lachnospirales;Lachnospiraceae;Blautia;"
HWI-M00529R:60:000000000-AJBLL:1:1101:21591:8710;"Bacteria;Firmicutes;Clostridia;Oscillospirales;Ruminococcaceae;Faecalibacterium;"
HWI-M00529R:60:000000000-AJBLL:1:1101:11509:8736;"Bacteria;Firmicutes;Clostridia;Oscillospirales;Ruminococcaceae;Ruminococcus;"
HWI-M00529R:60:000000000-AJBLL:1:1101:4036:8750;"Bacteria;Actinobacteriota;Actinobacteria;Bifidobacteriales;Bifidobacteriaceae;Bifidobacterium;"
HWI-M00529R:60:000000000-AJBLL:1:1101:24222:8767;"Bacteria;Firmicutes;Clostridia;Lachnospirales;Lachnospiraceae;uncultured;"
HWI-M00529R:60:000000000-AJBLL:1:1101:6064:8775;"Bacteria;Bacteroidota;Bacteroidia;Bacteroidales;Bacteroidaceae;Bacteroides;"
HWI-M00529R:60:000000000-AJBLL:1:1101:26381:8779;"Bacteria;Firmicutes;Clostridia;Monoglobales;Monoglobaceae;Monoglobus;"
HWI-M00529R:60:000000000-AJBLL:1:1101:17833:8801;"Bacteria;Bacteroidota;Bacteroidia;Bacteroidales;Prevotellaceae;Prevotellaceae UCG-001;"
HWI-M00529R:60:000000000-AJBLL:1:1101:6933:8843;"Bacteria;Actinobacteriota;Actinobacteria;Bifidobacteriales;Bifidobacteriaceae;Bifidobacterium;"
HWI-M00529R:60:000000000-AJBLL:1:1101:20694:8858;"Bacteria;Firmicutes;Clostridia;Oscillospirales;Ruminococcaceae;Ruminococcus;"
HWI-M00529R:60:000000000-AJBLL:1:1101:18645:8858;"Bacteria;Firmicutes;Clostridia;Oscillospirales;Ruminococcaceae;Ruminococcus;"
HWI-M00529R:60:000000000-AJBLL:1:1101:7777:8904;"Bacteria;Actinobacteriota;Actinobacteria;Bifidobacteriales;Bifidobacteriaceae;Bifidobacterium;"
HWI-M00529R:60:000000000-AJBLL:1:1101:16577:8913;"Bacteria;Firmicutes;Clostridia;Oscillospirales;Ruminococcaceae;Faecalibacterium;"
HWI-M00529R:60:000000000-AJBLL:1:1101:13074:8940;"Bacteria;Bacteroidota;Bacteroidia;Bacteroidales;Tannerellaceae;Parabacteroides;"
HWI-M00529R:60:000000000-AJBLL:1:1101:17645:8987;"Bacteria;Firmicutes;Clostridia;Oscillospirales;Ruminococcaceae;Negativibacillus;"
HWI-M00529R:60:000000000-AJBLL:1:1101:23538:9099;"Bacteria;Bacteroidota;Bacteroidia;Bacteroidales;Bacteroidaceae;Bacteroides;"
HWI-M00529R:60:000000000-AJBLL:1:1101:19114:9135;"Bacteria;Bacteroidota;Bacteroidia;Bacteroidales;Bacteroidaceae;Bacteroides;"
HWI-M00529R:60:000000000-AJBLL:1:1101:27473:9148;"Bacteria;Proteobacteria;Gammaproteobacteria;Enterobacterales;Enterobacteriaceae;Escherichia-Shigella;"
HWI-M00529R:60:000000000-AJBLL:1:1101:7315:9174;"Bacteria;Firmicutes;Negativicutes;Veillonellales-Selenomonadales;Veillonellaceae;Dialister;"
HWI-M00529R:60:000000000-AJBLL:1:1101:26311:9181;"Unclassified;"
HWI-M00529R:60:000000000-AJBLL:1:1101:5754:9196;"Bacteria;Firmicutes;Clostridia;Oscillospirales;Ruminococcaceae;Faecalibacterium;"
HWI-M00529R:60:000000000-AJBLL:1:1101:19452:9246;"Bacteria;Firmicutes;Clostridia;Oscillospirales;Oscillospiraceae;"
HWI-M00529R:60:000000000-AJBLL:1:1101:7568:9279;"Bacteria;Bacteroidota;Bacteroidia;Bacteroidales;Prevotellaceae;Prevotellaceae UCG-001;"
HWI-M00529R:60:000000000-AJBLL:1:1101:27854:9286;"Bacteria;Firmicutes;Clostridia;Lachnospirales;Lachnospiraceae;"
HWI-M00529R:60:000000000-AJBLL:1:1101:20760:9293;"Bacteria;Bacteroidota;Bacteroidia;Bacteroidales;Bacteroidaceae;Bacteroides;"
HWI-M00529R:60:000000000-AJBLL:1:1101:22670:9297;"Bacteria;Bacteroidota;Bacteroidia;Bacteroidales;Marinifilaceae;Odoribacter;"
HWI-M00529R:60:000000000-AJBLL:1:1101:27556:9298;"Bacteria;Firmicutes;Clostridia;"
HWI-M00529R:60:000000000-AJBLL:1:1101:28078:9304;"Bacteria;Bacteroidota;Bacteroidia;Bacteroidales;Prevotellaceae;Prevotellaceae UCG-001;"
HWI-M00529R:60:000000000-AJBLL:1:1101:22092:9322;"Bacteria;Bacteroidota;Bacteroidia;Bacteroidales;Prevotellaceae;Prevotellaceae UCG-001;"
HWI-M00529R:60:000000000-AJBLL:1:1101:22874:9332;"Bacteria;Bacteroidota;Bacteroidia;Bacteroidales;Rikenellaceae;Alistipes;"
HWI-M00529R:60:000000000-AJBLL:1:1101:19364:9343;"Bacteria;Bacteroidota;Bacteroidia;Bacteroidales;Barnesiellaceae;Barnesiella;"
HWI-M00529R:60:000000000-AJBLL:1:1101:24989:9381;"Bacteria;Firmicutes;Clostridia;Lachnospirales;Lachnospiraceae;[Eubacterium] ventriosum group;"
HWI-M00529R:60:000000000-AJBLL:1:1101:24761:9398;"Bacteria;Firmicutes;Clostridia;Lachnospirales;Lachnospiraceae;"
HWI-M00529R:60:000000000-AJBLL:1:1101:22770:9409;"Bacteria;Firmicutes;Clostridia;Lachnospirales;Lachnospiraceae;"
HWI-M00529R:60:000000000-AJBLL:1:1101:24394:9421;"Bacteria;Bacteroidota;Bacteroidia;Bacteroidales;Prevotellaceae;Prevotellaceae UCG-001;"
HWI-M00529R:60:000000000-AJBLL:1:1101:6204:9434;"Bacteria;Firmicutes;Clostridia;Oscillospirales;Ruminococcaceae;Faecalibacterium;"
HWI-M00529R:60:000000000-AJBLL:1:1101:5967:9498;"Bacteria;Firmicutes;Clostridia;Oscillospirales;Ruminococcaceae;Faecalibacterium;"
HWI-M00529R:60:000000000-AJBLL:1:1101:22557:9500;"Bacteria;Actinobacteriota;Coriobacteriia;Coriobacteriales;Coriobacteriaceae;Collinsella;"
HWI-M00529R:60:000000000-AJBLL:1:1101:24691:9502;"Bacteria;Bacteroidota;Bacteroidia;Bacteroidales;Prevotellaceae;Prevotellaceae UCG-001;"
HWI-M00529R:60:000000000-AJBLL:1:1101:13415:9517;"Bacteria;Bacteroidota;Bacteroidia;Bacteroidales;Prevotellaceae;"
HWI-M00529R:60:000000000-AJBLL:1:1101:4677:9528;"Bacteria;Firmicutes;Clostridia;Oscillospirales;Oscillospiraceae;"
HWI-M00529R:60:000000000-AJBLL:1:1101:11466:9594;"Bacteria;Bacteroidota;Bacteroidia;Bacteroidales;Prevotellaceae;Prevotellaceae UCG-001;"
HWI-M00529R:60:000000000-AJBLL:1:1101:6516:9706;"Bacteria;Bacteroidota;Bacteroidia;Bacteroidales;Prevotellaceae;Prevotellaceae UCG-001;"
HWI-M00529R:60:000000000-AJBLL:1:1101:13390:9734;"Bacteria;Firmicutes;Clostridia;Oscillospirales;Ruminococcaceae;Faecalibacterium;"
HWI-M00529R:60:000000000-AJBLL:1:1101:26350:9739;"Bacteria;Bacteroidota;Bacteroidia;Bacteroidales;Rikenellaceae;Alistipes;"
HWI-M00529R:60:000000000-AJBLL:1:1101:6455:9742;"Bacteria;Firmicutes;Clostridia;Peptostreptococcales-Tissierellales;Anaerovoracaceae;Family XIII UCG-001;"
HWI-M00529R:60:000000000-AJBLL:1:1101:17274:9745;"Bacteria;Bacteroidota;Bacteroidia;Bacteroidales;Prevotellaceae;Prevotellaceae UCG-001;"
HWI-M00529R:60:000000000-AJBLL:1:1101:22253:9747;"Bacteria;Bacteroidota;Bacteroidia;Bacteroidales;Bacteroidaceae;Bacteroides;"
HWI-M00529R:60:000000000-AJBLL:1:1101:5652:9821;"Bacteria;Firmicutes;Clostridia;Oscillospirales;Ruminococcaceae;Subdoligranulum;"
HWI-M00529R:60:000000000-AJBLL:1:1101:22072:9847;"Bacteria;Firmicutes;Clostridia;Oscillospirales;Oscillospiraceae;UCG-002;"
HWI-M00529R:60:000000000-AJBLL:1:1101:5909:9918;"Bacteria;Firmicutes;Clostridia;Oscillospirales;Ruminococcaceae;Subdoligranulum;"
HWI-M00529R:60:000000000-AJBLL:1:1101:15227:9958;"Bacteria;Actinobacteriota;Actinobacteria;Bifidobacteriales;Bifidobacteriaceae;Bifidobacterium;"
HWI-M00529R:60:000000000-AJBLL:1:1101:24163:9958;"Bacteria;Firmicutes;Clostridia;Oscillospirales;Ruminococcaceae;Faecalibacterium;"
HWI-M00529R:60:000000000-AJBLL:1:1101:7026:9992;"Bacteria;Bacteroidota;Bacteroidia;Bacteroidales;Bacteroidaceae;Bacteroides;"
HWI-M00529R:60:000000000-AJBLL:1:1101:21437:10057;"Bacteria;Actinobacteriota;Coriobacteriia;Coriobacteriales;Eggerthellaceae;"
HWI-M00529R:60:000000000-AJBLL:1:1101:23238:10074;"Bacteria;Firmicutes;Clostridia;Oscillospirales;Ruminococcaceae;Faecalibacterium;"
HWI-M00529R:60:000000000-AJBLL:1:1101:24614:10100;"Bacteria;Firmicutes;Clostridia;Oscillospirales;Oscillospiraceae;UCG-002;"
HWI-M00529R:60:000000000-AJBLL:1:1101:3470:10100;"Bacteria;Bacteroidota;Bacteroidia;Bacteroidales;Bacteroidaceae;Bacteroides;"
HWI-M00529R:60:000000000-AJBLL:1:1101:22914:10106;"Bacteria;Bacteroidota;Bacteroidia;Bacteroidales;Bacteroidaceae;Bacteroides;"
HWI-M00529R:60:000000000-AJBLL:1:1101:24684:10117;"Bacteria;Firmicutes;Clostridia;Oscillospirales;Ruminococcaceae;Faecalibacterium;"
HWI-M00529R:60:000000000-AJBLL:1:1101:24800:10142;"Bacteria;Bacteroidota;Bacteroidia;Bacteroidales;Tannerellaceae;Parabacteroides;"
HWI-M00529R:60:000000000-AJBLL:1:1101:6917:10202;"Bacteria;Bacteroidota;Bacteroidia;Bacteroidales;Prevotellaceae;Prevotellaceae UCG-001;"
HWI-M00529R:60:000000000-AJBLL:1:1101:4568:10204;"Bacteria;Firmicutes;Clostridia;Oscillospirales;Oscillospiraceae;"
HWI-M00529R:60:000000000-AJBLL:1:1101:17461:10211;"Unclassified;"
HWI-M00529R:60:000000000-AJBLL:1:1101:16116:10240;"Bacteria;Firmicutes;Clostridia;Lachnospirales;Lachnospiraceae;"
HWI-M00529R:60:000000000-AJBLL:1:1101:5602:10260;"Bacteria;Bacteroidota;Bacteroidia;Bacteroidales;Bacteroidaceae;Bacteroides;"
HWI-M00529R:60:000000000-AJBLL:1:1101:3377:10284;"Bacteria;Firmicutes;Clostridia;Oscillospirales;Ruminococcaceae;uncultured;"
HWI-M00529R:60:000000000-AJBLL:1:1101:23036:10296;"Bacteria;Firmicutes;Clostridia;Lachnospirales;Lachnospiraceae;"
HWI-M00529R:60:000000000-AJBLL:1:1101:7308:10302;"Bacteria;Bacteroidota;Bacteroidia;Bacteroidales;Barnesiellaceae;Coprobacter;"
HWI-M00529R:60:000000000-AJBLL:1:1101:4169:10337;"Bacteria;Firmicutes;Clostridia;Lachnospirales;Lachnospiraceae;Blautia;"
HWI-M00529R:60:000000000-AJBLL:1:1101:4207:10348;"Bacteria;Actinobacteriota;Coriobacteriia;Coriobacteriales;Eggerthellaceae;uncultured;"
HWI-M00529R:60:000000000-AJBLL:1:1101:24822:10375;"Bacteria;Firmicutes;Clostridia;"
HWI-M00529R:60:000000000-AJBLL:1:1101:3794:10403;"Bacteria;Bacteroidota;Bacteroidia;Bacteroidales;Bacteroidaceae;Bacteroides;"
HWI-M00529R:60:000000000-AJBLL:1:1101:20978:10415;"Bacteria;Firmicutes;Clostridia;Oscillospirales;Butyricicoccaceae;Butyricicoccus;"
HWI-M00529R:60:000000000-AJBLL:1:1101:23666:10437;"Bacteria;Bacteroidota;Bacteroidia;Bacteroidales;Prevotellaceae;Prevotellaceae UCG-001;"
HWI-M00529R:60:000000000-AJBLL:1:1101:22358:10453;"Bacteria;Bacteroidota;Bacteroidia;Bacteroidales;Prevotellaceae;Prevotellaceae UCG-001;"
HWI-M00529R:60:000000000-AJBLL:1:1101:22282:10505;"Bacteria;Bacteroidota;Bacteroidia;Bacteroidales;Tannerellaceae;Parabacteroides;"
HWI-M00529R:60:000000000-AJBLL:1:1101:23138:10518;"Bacteria;Firmicutes;Clostridia;Oscillospirales;Ruminococcaceae;Ruminococcus;"
HWI-M00529R:60:000000000-AJBLL:1:1101:20455:10566;"Bacteria;Actinobacteriota;Actinobacteria;Bifidobacteriales;Bifidobacteriaceae;Bifidobacterium;"
HWI-M00529R:60:000000000-AJBLL:1:1101:13112:10580;"Bacteria;Bacteroidota;Bacteroidia;Bacteroidales;Prevotellaceae;Prevotellaceae UCG-001;"
HWI-M00529R:60:000000000-AJBLL:1:1101:17814:10587;"Bacteria;Bacteroidota;Bacteroidia;Bacteroidales;Barnesiellaceae;Barnesiella;"
HWI-M00529R:60:000000000-AJBLL:1:1101:17109:10607;"Bacteria;Firmicutes;Clostridia;Lachnospirales;Lachnospiraceae;"
HWI-M00529R:60:000000000-AJBLL:1:1101:11312:10620;"Bacteria;Firmicutes;Clostridia;Oscillospirales;Oscillospiraceae;NK4A214 group;"
HWI-M00529R:60:000000000-AJBLL:1:1101:24685:10624;"Bacteria;Firmicutes;Negativicutes;Veillonellales-Selenomonadales;Veillonellaceae;Dialister;"
HWI-M00529R:60:000000000-AJBLL:1:1101:26673:10647;"Unclassified;"
HWI-M00529R:60:000000000-AJBLL:1:1101:18854:10700;"Bacteria;Firmicutes;Clostridia;Oscillospirales;Ruminococcaceae;Subdoligranulum;"
HWI-M00529R:60:000000000-AJBLL:1:1101:7444:10724;"Bacteria;Firmicutes;Clostridia;Oscillospirales;Ruminococcaceae;Ruminococcus;"
HWI-M00529R:60:000000000-AJBLL:1:1101:24331:10775;"Bacteria;Actinobacteriota;Coriobacteriia;Coriobacteriales;Coriobacteriaceae;Collinsella;"
HWI-M00529R:60:000000000-AJBLL:1:1101:21001:10799;"Bacteria;Bacteroidota;Bacteroidia;Bacteroidales;Prevotellaceae;Prevotellaceae UCG-001;"
HWI-M00529R:60:000000000-AJBLL:1:1101:21254:10803;"Bacteria;Actinobacteriota;Coriobacteriia;Coriobacteriales;Coriobacteriaceae;Collinsella;"
HWI-M00529R:60:000000000-AJBLL:1:1101:24759:10807;"Bacteria;Firmicutes;Clostridia;Oscillospirales;Oscillospiraceae;Oscillibacter;"
HWI-M00529R:60:000000000-AJBLL:1:1101:12474:10854;"Bacteria;Bacteroidota;Bacteroidia;Bacteroidales;Prevotellaceae;Prevotellaceae UCG-001;"
HWI-M00529R:60:000000000-AJBLL:1:1101:17624:10857;"Bacteria;Firmicutes;Incertae Sedis;DTU014;"
HWI-M00529R:60:000000000-AJBLL:1:1101:5968:10857;"Bacteria;Firmicutes;Clostridia;Monoglobales;Monoglobaceae;Monoglobus;"
HWI-M00529R:60:000000000-AJBLL:1:1101:16059:10875;"Bacteria;Bacteroidota;Bacteroidia;Bacteroidales;Barnesiellaceae;Barnesiella;"
HWI-M00529R:60:000000000-AJBLL:1:1101:7431:10936;"Bacteria;Firmicutes;Clostridia;Oscillospirales;Oscillospiraceae;Colidextribacter;"
HWI-M00529R:60:000000000-AJBLL:1:1101:17855:10958;"Bacteria;Firmicutes;Clostridia;Lachnospirales;Lachnospiraceae;[Eubacterium] ventriosum group;"
HWI-M00529R:60:000000000-AJBLL:1:1101:13039:10974;"Bacteria;Firmicutes;Clostridia;Lachnospirales;Lachnospiraceae;Fusicatenibacter;"
HWI-M00529R:60:000000000-AJBLL:1:1101:18004:11016;"Bacteria;Firmicutes;Clostridia;Lachnospirales;Lachnospiraceae;Lachnospiraceae NK4A136 group;"
HWI-M00529R:60:000000000-AJBLL:1:1101:6733:11111;"Bacteria;Firmicutes;Clostridia;Oscillospirales;Oscillospiraceae;UCG-003;"
HWI-M00529R:60:000000000-AJBLL:1:1101:19267:11143;"Bacteria;Bacteroidota;Bacteroidia;Bacteroidales;Prevotellaceae;Prevotellaceae UCG-001;"
HWI-M00529R:60:000000000-AJBLL:1:1101:18105:11196;"Bacteria;Bacteroidota;Bacteroidia;Bacteroidales;Tannerellaceae;Parabacteroides;"
HWI-M00529R:60:000000000-AJBLL:1:1101:20877:11222;"Bacteria;Firmicutes;Clostridia;Oscillospirales;Oscillospiraceae;UCG-002;"
HWI-M00529R:60:000000000-AJBLL:1:1101:18305:11240;"Bacteria;Firmicutes;Clostridia;Oscillospirales;"
HWI-M00529R:60:000000000-AJBLL:1:1101:4441:11243;"Bacteria;Actinobacteriota;Actinobacteria;Bifidobacteriales;Bifidobacteriaceae;Bifidobacterium;"
HWI-M00529R:60:000000000-AJBLL:1:1101:18159:11263;"Bacteria;Bacteroidota;Bacteroidia;Bacteroidales;Prevotellaceae;"
HWI-M00529R:60:000000000-AJBLL:1:1101:16579:11280;"Bacteria;Bacteroidota;Bacteroidia;Bacteroidales;Prevotellaceae;Prevotellaceae UCG-001;"
HWI-M00529R:60:000000000-AJBLL:1:1101:6730:11290;"Bacteria;Firmicutes;Clostridia;Lachnospirales;Lachnospiraceae;"
HWI-M00529R:60:000000000-AJBLL:1:1101:23195:11291;"Bacteria;Proteobacteria;Gammaproteobacteria;Burkholderiales;"
HWI-M00529R:60:000000000-AJBLL:1:1101:7666:11302;"Bacteria;Bacteroidota;Bacteroidia;Bacteroidales;Barnesiellaceae;Barnesiella;"
HWI-M00529R:60:000000000-AJBLL:1:1101:20712:11325;"Bacteria;Bacteroidota;Bacteroidia;Bacteroidales;Bacteroidaceae;Bacteroides;"
HWI-M00529R:60:000000000-AJBLL:1:1101:18271:11331;"Bacteria;Bacteroidota;Bacteroidia;Bacteroidales;Prevotellaceae;Prevotellaceae UCG-001;"
HWI-M00529R:60:000000000-AJBLL:1:1101:4019:11331;"Bacteria;Bacteroidota;Bacteroidia;Bacteroidales;Bacteroidaceae;Bacteroides;"
HWI-M00529R:60:000000000-AJBLL:1:1101:18954:11350;"Bacteria;Firmicutes;Clostridia;Oscillospirales;Ruminococcaceae;Negativibacillus;"
HWI-M00529R:60:000000000-AJBLL:1:1101:19298:11413;"Bacteria;Firmicutes;Clostridia;Peptostreptococcales-Tissierellales;Anaerovoracaceae;Family XIII UCG-001;"
HWI-M00529R:60:000000000-AJBLL:1:1101:8020:11424;"Bacteria;Firmicutes;Clostridia;Oscillospirales;Ruminococcaceae;Faecalibacterium;"
HWI-M00529R:60:000000000-AJBLL:1:1101:29068:11429;"Bacteria;Bacteroidota;Bacteroidia;Bacteroidales;Prevotellaceae;Prevotellaceae UCG-001;"
HWI-M00529R:60:000000000-AJBLL:1:1101:22417:11452;"Bacteria;Firmicutes;Clostridia;Lachnospirales;Lachnospiraceae;Blautia;"
HWI-M00529R:60:000000000-AJBLL:1:1101:21310:11461;"Bacteria;Actinobacteriota;Actinobacteria;Bifidobacteriales;Bifidobacteriaceae;Bifidobacterium;"
HWI-M00529R:60:000000000-AJBLL:1:1101:28222:11465;"Unclassified;"
HWI-M00529R:60:000000000-AJBLL:1:1101:4188:11472;"Bacteria;Firmicutes;Clostridia;Oscillospirales;Ruminococcaceae;Subdoligranulum;"
HWI-M00529R:60:000000000-AJBLL:1:1101:28192:11483;"Unclassified;"
HWI-M00529R:60:000000000-AJBLL:1:1101:20458:11490;"Bacteria;Firmicutes;Clostridia;Oscillospirales;[Eubacterium] coprostanoligenes group;"
HWI-M00529R:60:000000000-AJBLL:1:1101:17608:11505;"Bacteria;Firmicutes;Clostridia;Lachnospirales;Lachnospiraceae;"
HWI-M00529R:60:000000000-AJBLL:1:1101:7149:11511;"Bacteria;Firmicutes;Clostridia;Lachnospirales;Lachnospiraceae;"
HWI-M00529R:60:000000000-AJBLL:1:1101:6504:11556;"Bacteria;Bacteroidota;Bacteroidia;Bacteroidales;Prevotellaceae;Prevotellaceae UCG-001;"
HWI-M00529R:60:000000000-AJBLL:1:1101:26218:11573;"Bacteria;Firmicutes;Clostridia;Oscillospirales;Ruminococcaceae;Faecalibacterium;"
HWI-M00529R:60:000000000-AJBLL:1:1101:18491:11575;"Bacteria;Firmicutes;Clostridia;Oscillospirales;Ruminococcaceae;Faecalibacterium;"
HWI-M00529R:60:000000000-AJBLL:1:1101:3923:11581;"Bacteria;Actinobacteriota;Actinobacteria;Bifidobacteriales;Bifidobacteriaceae;Bifidobacterium;"
HWI-M00529R:60:000000000-AJBLL:1:1101:23772:11582;"Bacteria;Bacteroidota;Bacteroidia;Bacteroidales;Prevotellaceae;"
HWI-M00529R:60:000000000-AJBLL:1:1101:18366:11588;"Bacteria;Bacteroidota;Bacteroidia;Bacteroidales;Barnesiellaceae;Barnesiella;"
HWI-M00529R:60:000000000-AJBLL:1:1101:19103:11613;"Bacteria;Firmicutes;Clostridia;Oscillospirales;Ruminococcaceae;Ruminococcus;"
HWI-M00529R:60:000000000-AJBLL:1:1101:4377:11681;"Bacteria;Bacteroidota;Bacteroidia;Bacteroidales;Barnesiellaceae;Barnesiella;"
HWI-M00529R:60:000000000-AJBLL:1:1101:21374:11707;"Bacteria;Firmicutes;Clostridia;Oscillospirales;Ruminococcaceae;Ruminococcus;"
HWI-M00529R:60:000000000-AJBLL:1:1101:21558:11735;"Bacteria;Firmicutes;Clostridia;Oscillospirales;Ruminococcaceae;DTU089;"
HWI-M00529R:60:000000000-AJBLL:1:1101:21063:11737;"Bacteria;Bacteroidota;Bacteroidia;Bacteroidales;Prevotellaceae;Prevotellaceae UCG-001;"
HWI-M00529R:60:000000000-AJBLL:1:1101:20098:11749;"Bacteria;Firmicutes;Clostridia;Oscillospirales;Ruminococcaceae;Ruminococcus;"
HWI-M00529R:60:000000000-AJBLL:1:1101:6596:11752;"Bacteria;Bacteroidota;Bacteroidia;Bacteroidales;Prevotellaceae;Prevotellaceae UCG-001;"
HWI-M00529R:60:000000000-AJBLL:1:1101:22646:11758;"Bacteria;Firmicutes;Clostridia;Lachnospirales;Lachnospiraceae;"
HWI-M00529R:60:000000000-AJBLL:1:1101:25620:11773;"Bacteria;Bacteroidota;Bacteroidia;Bacteroidales;Prevotellaceae;Prevotellaceae UCG-001;"
HWI-M00529R:60:000000000-AJBLL:1:1101:7867:11778;"Bacteria;Firmicutes;Clostridia;Lachnospirales;Lachnospiraceae;"
HWI-M00529R:60:000000000-AJBLL:1:1101:19029:11781;"Bacteria;Bacteroidota;Bacteroidia;Bacteroidales;Prevotellaceae;Prevotellaceae UCG-001;"
HWI-M00529R:60:000000000-AJBLL:1:1101:3034:11801;"Bacteria;Firmicutes;Clostridia;Oscillospirales;Ruminococcaceae;Faecalibacterium;"
HWI-M00529R:60:000000000-AJBLL:1:1101:20499:11814;"Bacteria;Bacteroidota;Bacteroidia;Bacteroidales;Prevotellaceae;Prevotellaceae UCG-001;"
HWI-M00529R:60:000000000-AJBLL:1:1101:22384:11897;"Bacteria;Bacteroidota;Bacteroidia;Bacteroidales;Barnesiellaceae;Barnesiella;"
HWI-M00529R:60:000000000-AJBLL:1:1101:6391:11899;"Bacteria;Bacteroidota;Bacteroidia;Bacteroidales;Bacteroidaceae;Bacteroides;"
HWI-M00529R:60:000000000-AJBLL:1:1101:16700:11904;"Bacteria;Bacteroidota;Bacteroidia;Bacteroidales;Rikenellaceae;Alistipes;"
HWI-M00529R:60:000000000-AJBLL:1:1101:24325:11913;"Bacteria;Firmicutes;Clostridia;"
HWI-M00529R:60:000000000-AJBLL:1:1101:25847:11919;"Bacteria;Firmicutes;Clostridia;Oscillospirales;Ruminococcaceae;Faecalibacterium;"
HWI-M00529R:60:000000000-AJBLL:1:1101:18371:11964;"Bacteria;Firmicutes;Clostridia;Lachnospirales;Lachnospiraceae;Fusicatenibacter;"
HWI-M00529R:60:000000000-AJBLL:1:1101:17370:11996;"Bacteria;Firmicutes;Clostridia;"
HWI-M00529R:60:000000000-AJBLL:1:1101:8063:12003;"Bacteria;Bacteroidota;Bacteroidia;Bacteroidales;Prevotellaceae;Prevotellaceae UCG-001;"
HWI-M00529R:60:000000000-AJBLL:1:1101:2369:12040;"Bacteria;Firmicutes;Clostridia;Oscillospirales;Ruminococcaceae;Faecalibacterium;"
HWI-M00529R:60:000000000-AJBLL:1:1101:27312:12042;"Bacteria;Bacteroidota;Bacteroidia;Bacteroidales;Bacteroidaceae;Bacteroides;"
HWI-M00529R:60:000000000-AJBLL:1:1101:24234:12066;"Bacteria;Firmicutes;Clostridia;Lachnospirales;Lachnospiraceae;Fusicatenibacter;"
HWI-M00529R:60:000000000-AJBLL:1:1101:4393:12069;"Bacteria;Firmicutes;Clostridia;Oscillospirales;Oscillospiraceae;"
HWI-M00529R:60:000000000-AJBLL:1:1101:21573:12104;"Bacteria;Firmicutes;Clostridia;Oscillospirales;Ruminococcaceae;Faecalibacterium;"
HWI-M00529R:60:000000000-AJBLL:1:1101:16647:12125;"Bacteria;Firmicutes;Clostridia;Lachnospirales;Lachnospiraceae;Blautia;"
HWI-M00529R:60:000000000-AJBLL:1:1101:3980:12198;"Bacteria;Firmicutes;Clostridia;Lachnospirales;Lachnospiraceae;Blautia;"
HWI-M00529R:60:000000000-AJBLL:1:1101:16655:12201;"Bacteria;Firmicutes;Clostridia;Oscillospirales;Oscillospiraceae;UCG-002;"
HWI-M00529R:60:000000000-AJBLL:1:1101:24301:12212;"Bacteria;Firmicutes;Clostridia;Oscillospirales;Ruminococcaceae;Ruminococcus;"
HWI-M00529R:60:000000000-AJBLL:1:1101:25033:12213;"Bacteria;Firmicutes;Clostridia;Lachnospirales;Lachnospiraceae;"
HWI-M00529R:60:000000000-AJBLL:1:1101:21852:12234;"Bacteria;Firmicutes;Clostridia;Oscillospirales;Ruminococcaceae;Faecalibacterium;"
HWI-M00529R:60:000000000-AJBLL:1:1101:25290:12254;"Bacteria;Firmicutes;Clostridia;Oscillospirales;Ruminococcaceae;Faecalibacterium;"
HWI-M00529R:60:000000000-AJBLL:1:1101:23461:12280;"Bacteria;Proteobacteria;Gammaproteobacteria;Burkholderiales;Sutterellaceae;Sutterella;"
HWI-M00529R:60:000000000-AJBLL:1:1101:5590:12290;"Bacteria;Proteobacteria;Gammaproteobacteria;Burkholderiales;"
HWI-M00529R:60:000000000-AJBLL:1:1101:17123:12319;"Bacteria;Firmicutes;Clostridia;Lachnospirales;Lachnospiraceae;"
HWI-M00529R:60:000000000-AJBLL:1:1101:5870:12331;"Bacteria;Firmicutes;Clostridia;Oscillospirales;Ruminococcaceae;Negativibacillus;"
HWI-M00529R:60:000000000-AJBLL:1:1101:6241:12350;"Bacteria;Bacteroidota;Bacteroidia;Bacteroidales;Bacteroidaceae;Bacteroides;"
HWI-M00529R:60:000000000-AJBLL:1:1101:22262:12410;"Bacteria;Firmicutes;Clostridia;Lachnospirales;Lachnospiraceae;"
HWI-M00529R:60:000000000-AJBLL:1:1101:3814:12410;"Bacteria;Firmicutes;Clostridia;Oscillospirales;Ruminococcaceae;Negativibacillus;"
HWI-M00529R:60:000000000-AJBLL:1:1101:6661:12417;"Bacteria;Bacteroidota;Bacteroidia;Bacteroidales;Bacteroidaceae;Bacteroides;"
HWI-M00529R:60:000000000-AJBLL:1:1101:25316:12450;"Bacteria;Bacteroidota;Bacteroidia;Bacteroidales;Bacteroidaceae;Bacteroides;"
HWI-M00529R:60:000000000-AJBLL:1:1101:25328:12464;"Bacteria;Bacteroidota;Bacteroidia;Bacteroidales;Bacteroidaceae;Bacteroides;"
HWI-M00529R:60:000000000-AJBLL:1:1101:22854:12468;"Bacteria;Firmicutes;Clostridia;Oscillospirales;[Eubacterium] coprostanoligenes group;"
HWI-M00529R:60:000000000-AJBLL:1:1101:20551:12489;"Bacteria;Bacteroidota;Bacteroidia;Bacteroidales;Prevotellaceae;Prevotellaceae UCG-001;"
HWI-M00529R:60:000000000-AJBLL:1:1101:18598:12520;"Bacteria;Actinobacteriota;Coriobacteriia;Coriobacteriales;Eggerthellaceae;Senegalimassilia;"
HWI-M00529R:60:000000000-AJBLL:1:1101:19482:12522;"Bacteria;Firmicutes;Clostridia;Lachnospirales;Lachnospiraceae;Blautia;"
HWI-M00529R:60:000000000-AJBLL:1:1101:19541:12522;"Bacteria;Firmicutes;Clostridia;Oscillospirales;Ruminococcaceae;Faecalibacterium;"
HWI-M00529R:60:000000000-AJBLL:1:1101:23126:12525;"Bacteria;Actinobacteriota;Actinobacteria;Bifidobacteriales;Bifidobacteriaceae;Bifidobacterium;"
HWI-M00529R:60:000000000-AJBLL:1:1101:19226:12554;"Bacteria;Firmicutes;Clostridia;Oscillospirales;Ruminococcaceae;Subdoligranulum;"
HWI-M00529R:60:000000000-AJBLL:1:1101:17694:12561;"Bacteria;Bacteroidota;Bacteroidia;Bacteroidales;Prevotellaceae;Prevotellaceae UCG-001;"
HWI-M00529R:60:000000000-AJBLL:1:1101:25928:12573;"Bacteria;Actinobacteriota;Actinobacteria;Bifidobacteriales;Bifidobacteriaceae;Bifidobacterium;"
HWI-M00529R:60:000000000-AJBLL:1:1101:5430:12573;"Bacteria;Firmicutes;Clostridia;Oscillospirales;Oscillospiraceae;UCG-002;"
HWI-M00529R:60:000000000-AJBLL:1:1101:25384:12578;"Bacteria;Firmicutes;Clostridia;Oscillospirales;Oscillospiraceae;"
HWI-M00529R:60:000000000-AJBLL:1:1101:24792:12594;"Bacteria;Bacteroidota;Bacteroidia;Bacteroidales;Bacteroidaceae;Bacteroides;"
HWI-M00529R:60:000000000-AJBLL:1:1101:2285:12612;"Bacteria;Actinobacteriota;Coriobacteriia;Coriobacteriales;Eggerthellaceae;"
HWI-M00529R:60:000000000-AJBLL:1:1101:17569:12642;"Bacteria;Bacteroidota;Bacteroidia;Bacteroidales;Prevotellaceae;Prevotellaceae UCG-001;"
HWI-M00529R:60:000000000-AJBLL:1:1101:3875:12688;"Bacteria;Firmicutes;Clostridia;Lachnospirales;Lachnospiraceae;"
HWI-M00529R:60:000000000-AJBLL:1:1101:3648:12694;"Bacteria;Bacteroidota;Bacteroidia;Bacteroidales;Bacteroidaceae;Bacteroides;"
HWI-M00529R:60:000000000-AJBLL:1:1101:22840:12700;"Bacteria;Firmicutes;Clostridia;Monoglobales;Monoglobaceae;Monoglobus;"
HWI-M00529R:60:000000000-AJBLL:1:1101:19945:12715;"Bacteria;Bacteroidota;Bacteroidia;Bacteroidales;Prevotellaceae;Prevotellaceae UCG-001;"
HWI-M00529R:60:000000000-AJBLL:1:1101:17414:12737;"Bacteria;Proteobacteria;Gammaproteobacteria;Burkholderiales;"
HWI-M00529R:60:000000000-AJBLL:1:1101:7333:12795;"Bacteria;Firmicutes;Clostridia;"
HWI-M00529R:60:000000000-AJBLL:1:1101:22727:12812;"Bacteria;Firmicutes;Clostridia;Oscillospirales;Ruminococcaceae;Faecalibacterium;"
HWI-M00529R:60:000000000-AJBLL:1:1101:20968:12816;"Bacteria;Bacteroidota;Bacteroidia;Bacteroidales;Prevotellaceae;"
HWI-M00529R:60:000000000-AJBLL:1:1101:24512:12862;"Bacteria;Firmicutes;Clostridia;Lachnospirales;Lachnospiraceae;uncultured;"
HWI-M00529R:60:000000000-AJBLL:1:1101:6578:12904;"Bacteria;Firmicutes;Negativicutes;Veillonellales-Selenomonadales;Veillonellaceae;Dialister;"
HWI-M00529R:60:000000000-AJBLL:1:1101:25083:12910;"Bacteria;Bacteroidota;Bacteroidia;Bacteroidales;Bacteroidaceae;Bacteroides;"
HWI-M00529R:60:000000000-AJBLL:1:1101:7168:12947;"Bacteria;Firmicutes;Clostridia;Lachnospirales;Lachnospiraceae;[Eubacterium] hallii group;"
HWI-M00529R:60:000000000-AJBLL:1:1101:21207:12986;"Bacteria;Firmicutes;Clostridia;Lachnospirales;Lachnospiraceae;[Eubacterium] hallii group;"
HWI-M00529R:60:000000000-AJBLL:1:1101:2371:13000;"Bacteria;Firmicutes;Clostridia;Oscillospirales;Ruminococcaceae;Faecalibacterium;"
HWI-M00529R:60:000000000-AJBLL:1:1101:19428:13015;"Bacteria;Bacteroidota;Bacteroidia;Bacteroidales;Bacteroidaceae;Bacteroides;"
HWI-M00529R:60:000000000-AJBLL:1:1101:26135:13021;"Bacteria;Firmicutes;Clostridia;Oscillospirales;Oscillospiraceae;Colidextribacter;"
HWI-M00529R:60:000000000-AJBLL:1:1101:6643:13023;"Bacteria;Firmicutes;Bacilli;Erysipelotrichales;Erysipelotrichaceae;Holdemania;"
HWI-M00529R:60:000000000-AJBLL:1:1101:16463:13024;"Bacteria;Bacteroidota;Bacteroidia;Bacteroidales;Prevotellaceae;Prevotellaceae UCG-001;"
HWI-M00529R:60:000000000-AJBLL:1:1101:2542:13043;"Bacteria;Actinobacteriota;Coriobacteriia;Coriobacteriales;Coriobacteriaceae;"
HWI-M00529R:60:000000000-AJBLL:1:1101:23150:13044;"Bacteria;Firmicutes;Clostridia;Oscillospirales;[Eubacterium] coprostanoligenes group;"
HWI-M00529R:60:000000000-AJBLL:1:1101:19451:13086;"Bacteria;Firmicutes;Clostridia;Lachnospirales;Lachnospiraceae;Lachnospira;"
HWI-M00529R:60:000000000-AJBLL:1:1101:18086:13104;"Bacteria;Bacteroidota;Bacteroidia;Bacteroidales;Prevotellaceae;Prevotellaceae UCG-001;"
HWI-M00529R:60:000000000-AJBLL:1:1101:20003:13132;"Bacteria;Proteobacteria;Gammaproteobacteria;Enterobacterales;Enterobacteriaceae;Escherichia-Shigella;"
HWI-M00529R:60:000000000-AJBLL:1:1101:6356:13160;"Bacteria;Bacteroidota;Bacteroidia;Bacteroidales;Tannerellaceae;Parabacteroides;"
HWI-M00529R:60:000000000-AJBLL:1:1101:20443:13172;"Bacteria;Bacteroidota;Bacteroidia;Bacteroidales;Bacteroidaceae;Bacteroides;"
HWI-M00529R:60:000000000-AJBLL:1:1101:19744:13196;"Bacteria;Actinobacteriota;Actinobacteria;Bifidobacteriales;Bifidobacteriaceae;Bifidobacterium;"
HWI-M00529R:60:000000000-AJBLL:1:1101:3077:13264;"Unclassified;"
HWI-M00529R:60:000000000-AJBLL:1:1101:26430:13304;"Bacteria;Bacteroidota;Bacteroidia;Bacteroidales;Bacteroidaceae;Bacteroides;"
HWI-M00529R:60:000000000-AJBLL:1:1101:6138:13358;"Bacteria;Firmicutes;Clostridia;Oscillospirales;Oscillospiraceae;NK4A214 group;"
HWI-M00529R:60:000000000-AJBLL:1:1101:18662:13379;"Bacteria;Bacteroidota;Bacteroidia;Bacteroidales;Bacteroidaceae;Bacteroides;"
HWI-M00529R:60:000000000-AJBLL:1:1101:22145:13407;"Bacteria;Verrucomicrobiota;Verrucomicrobiae;Verrucomicrobiales;Akkermansiaceae;Akkermansia;"
HWI-M00529R:60:000000000-AJBLL:1:1101:3039:13410;"Bacteria;Bacteroidota;Bacteroidia;Bacteroidales;Prevotellaceae;Prevotellaceae UCG-001;"
HWI-M00529R:60:000000000-AJBLL:1:1101:18157:13425;"Bacteria;Bacteroidota;Bacteroidia;Bacteroidales;Prevotellaceae;Prevotellaceae UCG-001;"
HWI-M00529R:60:000000000-AJBLL:1:1101:22841:13478;"Bacteria;Firmicutes;Clostridia;Oscillospirales;"
HWI-M00529R:60:000000000-AJBLL:1:1101:22062:13516;"Bacteria;Bacteroidota;Bacteroidia;Bacteroidales;Bacteroidaceae;Bacteroides;"
HWI-M00529R:60:000000000-AJBLL:1:1101:22652:13519;"Bacteria;Firmicutes;Clostridia;Oscillospirales;Ruminococcaceae;Faecalibacterium;"
HWI-M00529R:60:000000000-AJBLL:1:1101:23871:13542;"Bacteria;Firmicutes;Clostridia;Oscillospirales;Oscillospiraceae;UCG-002;"
HWI-M00529R:60:000000000-AJBLL:1:1101:17771:13564;"Bacteria;Proteobacteria;Gammaproteobacteria;Enterobacterales;Enterobacteriaceae;Escherichia-Shigella;"
HWI-M00529R:60:000000000-AJBLL:1:1101:7878:13578;"Bacteria;Firmicutes;Clostridia;Oscillospirales;[Eubacterium] coprostanoligenes group;"
HWI-M00529R:60:000000000-AJBLL:1:1101:27366:13580;"Bacteria;Firmicutes;Clostridia;Lachnospirales;Lachnospiraceae;Anaerostipes;"
HWI-M00529R:60:000000000-AJBLL:1:1101:4441:13583;"Bacteria;Bacteroidota;Bacteroidia;Bacteroidales;Barnesiellaceae;Coprobacter;"
HWI-M00529R:60:000000000-AJBLL:1:1101:2328:13614;"Bacteria;Firmicutes;Clostridia;Oscillospirales;[Eubacterium] coprostanoligenes group;"
HWI-M00529R:60:000000000-AJBLL:1:1101:1936:13615;"Bacteria;Firmicutes;Clostridia;Oscillospirales;Oscillospiraceae;"
HWI-M00529R:60:000000000-AJBLL:1:1101:6182:13651;"Bacteria;Firmicutes;Clostridia;Oscillospirales;Ruminococcaceae;Ruminococcus;"
HWI-M00529R:60:000000000-AJBLL:1:1101:17579:13673;"Bacteria;Bacteroidota;Bacteroidia;Bacteroidales;Prevotellaceae;Prevotellaceae UCG-001;"
HWI-M00529R:60:000000000-AJBLL:1:1101:8205:13704;"Bacteria;Bacteroidota;Bacteroidia;Bacteroidales;Barnesiellaceae;Barnesiella;"
HWI-M00529R:60:000000000-AJBLL:1:1101:2209:13749;"Unclassified;"
HWI-M00529R:60:000000000-AJBLL:1:1101:23732:13761;"Bacteria;Firmicutes;Clostridia;Oscillospirales;Oscillospiraceae;"
HWI-M00529R:60:000000000-AJBLL:1:1101:2175:13785;"Bacteria;Bacteroidota;Bacteroidia;Bacteroidales;Prevotellaceae;Prevotellaceae UCG-001;"
HWI-M00529R:60:000000000-AJBLL:1:1101:7307:13862;"Bacteria;Firmicutes;Clostridia;Oscillospirales;Ruminococcaceae;Faecalibacterium;"
HWI-M00529R:60:000000000-AJBLL:1:1101:23574:13882;"Bacteria;Firmicutes;Clostridia;Lachnospirales;Lachnospiraceae;"
HWI-M00529R:60:000000000-AJBLL:1:1101:24012:13885;"Bacteria;Actinobacteriota;Actinobacteria;Bifidobacteriales;Bifidobacteriaceae;Bifidobacterium;"
HWI-M00529R:60:000000000-AJBLL:1:1101:25157:13898;"Bacteria;Firmicutes;Clostridia;Oscillospirales;Butyricicoccaceae;Butyricicoccus;"
HWI-M00529R:60:000000000-AJBLL:1:1101:25827:13900;"Bacteria;Firmicutes;Clostridia;Oscillospirales;Oscillospiraceae;UCG-002;"
HWI-M00529R:60:000000000-AJBLL:1:1101:4905:13926;"Bacteria;Firmicutes;Clostridia;Oscillospirales;Oscillospiraceae;UCG-002;"
HWI-M00529R:60:000000000-AJBLL:1:1101:3229:13982;"Bacteria;Bacteroidota;Bacteroidia;Bacteroidales;Bacteroidaceae;Bacteroides;"
HWI-M00529R:60:000000000-AJBLL:1:1101:17610:14018;"Bacteria;Firmicutes;Clostridia;Oscillospirales;Ruminococcaceae;Faecalibacterium;"
HWI-M00529R:60:000000000-AJBLL:1:1101:5599:14041;"Bacteria;Firmicutes;Clostridia;Lachnospirales;Lachnospiraceae;[Eubacterium] hallii group;"
HWI-M00529R:60:000000000-AJBLL:1:1101:27416:14073;"Bacteria;Firmicutes;Clostridia;Oscillospirales;Oscillospiraceae;Colidextribacter;"
HWI-M00529R:60:000000000-AJBLL:1:1101:20591:14092;"Bacteria;Firmicutes;Clostridia;Oscillospirales;Ruminococcaceae;Faecalibacterium;"
HWI-M00529R:60:000000000-AJBLL:1:1101:26914:14096;"Bacteria;Firmicutes;Clostridia;Oscillospirales;Oscillospiraceae;Flavonifractor;"
HWI-M00529R:60:000000000-AJBLL:1:1101:6829:14102;"Bacteria;Firmicutes;Clostridia;Oscillospirales;Oscillospiraceae;NK4A214 group;"
HWI-M00529R:60:000000000-AJBLL:1:1101:16861:14170;"Bacteria;Bacteroidota;Bacteroidia;Bacteroidales;Bacteroidaceae;Bacteroides;"
HWI-M00529R:60:000000000-AJBLL:1:1101:24371:14183;"Bacteria;Bacteroidota;Bacteroidia;Bacteroidales;Prevotellaceae;Prevotellaceae UCG-001;"
HWI-M00529R:60:000000000-AJBLL:1:1101:7089:14186;"Bacteria;Firmicutes;Clostridia;Oscillospirales;Ruminococcaceae;Ruminococcus;"
HWI-M00529R:60:000000000-AJBLL:1:1101:23414:14187;"Bacteria;Firmicutes;Clostridia;Oscillospirales;Ruminococcaceae;Faecalibacterium;"
HWI-M00529R:60:000000000-AJBLL:1:1101:22887:14215;"Bacteria;Bacteroidota;Bacteroidia;Bacteroidales;Bacteroidaceae;Bacteroides;"
HWI-M00529R:60:000000000-AJBLL:1:1101:16863:14255;"Bacteria;Firmicutes;Clostridia;Oscillospirales;Oscillospiraceae;UCG-002;"
HWI-M00529R:60:000000000-AJBLL:1:1101:22870:14277;"Bacteria;Firmicutes;Clostridia;Oscillospirales;Oscillospiraceae;"
HWI-M00529R:60:000000000-AJBLL:1:1101:2723:14316;"Bacteria;Firmicutes;Clostridia;Oscillospirales;Ruminococcaceae;Faecalibacterium;"
HWI-M00529R:60:000000000-AJBLL:1:1101:18395:14321;"Bacteria;Firmicutes;Clostridia;Monoglobales;Monoglobaceae;Monoglobus;"
HWI-M00529R:60:000000000-AJBLL:1:1101:21193:14352;"Bacteria;Firmicutes;Clostridia;Oscillospirales;Butyricicoccaceae;Butyricicoccus;"
HWI-M00529R:60:000000000-AJBLL:1:1101:18425:14358;"Bacteria;Bacteroidota;Bacteroidia;Bacteroidales;Barnesiellaceae;Barnesiella;"
HWI-M00529R:60:000000000-AJBLL:1:1101:8499:14361;"Bacteria;Firmicutes;Clostridia;Oscillospirales;Oscillospiraceae;"
HWI-M00529R:60:000000000-AJBLL:1:1101:26126:14368;"Bacteria;Bacteroidota;Bacteroidia;Bacteroidales;Bacteroidaceae;Bacteroides;"
HWI-M00529R:60:000000000-AJBLL:1:1101:18478:14370;"Bacteria;Bacteroidota;Bacteroidia;Bacteroidales;Bacteroidaceae;Bacteroides;"
HWI-M00529R:60:000000000-AJBLL:1:1101:8091:14379;"Bacteria;Firmicutes;Clostridia;Oscillospirales;[Eubacterium] coprostanoligenes group;"
HWI-M00529R:60:000000000-AJBLL:1:1101:18164:14402;"Bacteria;Firmicutes;Clostridia;Oscillospirales;Ruminococcaceae;Negativibacillus;"
HWI-M00529R:60:000000000-AJBLL:1:1101:20109:14405;"Bacteria;Bacteroidota;Bacteroidia;Bacteroidales;Bacteroidaceae;Bacteroides;"
HWI-M00529R:60:000000000-AJBLL:1:1101:20210:14424;"Bacteria;Firmicutes;Clostridia;Oscillospirales;Oscillospiraceae;UCG-005;"
HWI-M00529R:60:000000000-AJBLL:1:1101:20853:14482;"Bacteria;Proteobacteria;Gammaproteobacteria;Enterobacterales;Enterobacteriaceae;Escherichia-Shigella;"
HWI-M00529R:60:000000000-AJBLL:1:1101:25173:14485;"Bacteria;Firmicutes;Clostridia;Christensenellales;Christensenellaceae;"
HWI-M00529R:60:000000000-AJBLL:1:1101:21711:14502;"Bacteria;Firmicutes;Clostridia;Oscillospirales;Oscillospiraceae;UCG-002;"
HWI-M00529R:60:000000000-AJBLL:1:1101:19269:14510;"Bacteria;Bacteroidota;Bacteroidia;Bacteroidales;Prevotellaceae;Prevotellaceae UCG-001;"
HWI-M00529R:60:000000000-AJBLL:1:1101:19734:14514;"Bacteria;Firmicutes;Clostridia;Oscillospirales;Ruminococcaceae;Ruminococcus;"
HWI-M00529R:60:000000000-AJBLL:1:1101:16589:14520;"Bacteria;Firmicutes;Clostridia;Oscillospirales;Oscillospiraceae;"
HWI-M00529R:60:000000000-AJBLL:1:1101:3776:14562;"Bacteria;Firmicutes;Clostridia;Oscillospirales;Oscillospiraceae;Flavonifractor;"
HWI-M00529R:60:000000000-AJBLL:1:1101:25736:14608;"Bacteria;Firmicutes;Clostridia;Oscillospirales;Ruminococcaceae;Faecalibacterium;"
HWI-M00529R:60:000000000-AJBLL:1:1101:2034:14616;"Bacteria;Bacteroidota;Bacteroidia;Bacteroidales;Rikenellaceae;Alistipes;"
HWI-M00529R:60:000000000-AJBLL:1:1101:2716:14640;"Bacteria;Bacteroidota;Bacteroidia;Bacteroidales;Barnesiellaceae;Barnesiella;"
HWI-M00529R:60:000000000-AJBLL:1:1101:22148:14681;"Bacteria;Firmicutes;Clostridia;Lachnospirales;Lachnospiraceae;"
HWI-M00529R:60:000000000-AJBLL:1:1101:22255:14690;"Bacteria;Firmicutes;Clostridia;"
HWI-M00529R:60:000000000-AJBLL:1:1101:25450:14814;"Bacteria;Bacteroidota;Bacteroidia;Bacteroidales;Bacteroidaceae;Bacteroides;"
HWI-M00529R:60:000000000-AJBLL:1:1101:21359:14826;"Bacteria;Actinobacteriota;Coriobacteriia;Coriobacteriales;Coriobacteriaceae;Collinsella;"
HWI-M00529R:60:000000000-AJBLL:1:1101:6234:14829;"Bacteria;Bacteroidota;Bacteroidia;Bacteroidales;Bacteroidaceae;Bacteroides;"
HWI-M00529R:60:000000000-AJBLL:1:1101:23062:14835;"Bacteria;Firmicutes;Clostridia;Oscillospirales;Ruminococcaceae;Faecalibacterium;"
HWI-M00529R:60:000000000-AJBLL:1:1101:27560:14861;"Bacteria;Firmicutes;Clostridia;Oscillospirales;Ruminococcaceae;Faecalibacterium;"
HWI-M00529R:60:000000000-AJBLL:1:1101:28559:14890;"Bacteria;Firmicutes;Clostridia;Oscillospirales;Butyricicoccaceae;Butyricicoccus;"
HWI-M00529R:60:000000000-AJBLL:1:1101:22316:14928;"Bacteria;Firmicutes;Clostridia;Lachnospirales;Lachnospiraceae;Blautia;"
HWI-M00529R:60:000000000-AJBLL:1:1101:8084:14934;"Bacteria;Firmicutes;Clostridia;Lachnospirales;Lachnospiraceae;"
HWI-M00529R:60:000000000-AJBLL:1:1101:18575:14953;"Bacteria;Bacteroidota;Bacteroidia;Bacteroidales;Prevotellaceae;Prevotellaceae UCG-001;"
HWI-M00529R:60:000000000-AJBLL:1:1101:4951:14966;"Bacteria;Actinobacteriota;Actinobacteria;Bifidobacteriales;Bifidobacteriaceae;Bifidobacterium;"
HWI-M00529R:60:000000000-AJBLL:1:1101:19357:14973;"Bacteria;Firmicutes;Clostridia;Lachnospirales;Lachnospiraceae;[Eubacterium] hallii group;"
HWI-M00529R:60:000000000-AJBLL:1:1101:19025:15044;"Bacteria;Firmicutes;Negativicutes;Veillonellales-Selenomonadales;Veillonellaceae;Dialister;"
HWI-M00529R:60:000000000-AJBLL:1:1101:22624:15056;"Bacteria;Firmicutes;Clostridia;Oscillospirales;Ruminococcaceae;Faecalibacterium;"
HWI-M00529R:60:000000000-AJBLL:1:1101:20569:15062;"Bacteria;Firmicutes;Clostridia;Oscillospirales;Ruminococcaceae;Faecalibacterium;"
HWI-M00529R:60:000000000-AJBLL:1:1101:21349:15084;"Bacteria;Firmicutes;Clostridia;Oscillospirales;Oscillospiraceae;"
HWI-M00529R:60:000000000-AJBLL:1:1101:17478:15093;"Bacteria;Actinobacteriota;Actinobacteria;Bifidobacteriales;Bifidobacteriaceae;Bifidobacterium;"
HWI-M00529R:60:000000000-AJBLL:1:1101:26980:15103;"Bacteria;Bacteroidota;Bacteroidia;Bacteroidales;Prevotellaceae;Prevotellaceae UCG-001;"
HWI-M00529R:60:000000000-AJBLL:1:1101:21623:15117;"Bacteria;Firmicutes;Clostridia;Lachnospirales;Lachnospiraceae;"
HWI-M00529R:60:000000000-AJBLL:1:1101:18015:15141;"Bacteria;Firmicutes;Clostridia;Lachnospirales;Lachnospiraceae;Lachnospiraceae NK4A136 group;"
HWI-M00529R:60:000000000-AJBLL:1:1101:4570:15155;"Bacteria;Actinobacteriota;Actinobacteria;Bifidobacteriales;Bifidobacteriaceae;Bifidobacterium;"
HWI-M00529R:60:000000000-AJBLL:1:1101:23391:15187;"Bacteria;Firmicutes;Clostridia;Oscillospirales;Ruminococcaceae;Ruminococcus;"
HWI-M00529R:60:000000000-AJBLL:1:1101:19766:15207;"Bacteria;Bacteroidota;Bacteroidia;Bacteroidales;Prevotellaceae;Prevotellaceae UCG-001;"
HWI-M00529R:60:000000000-AJBLL:1:1101:24260:15216;"Bacteria;Firmicutes;Clostridia;Oscillospirales;Oscillospiraceae;UCG-005;"
HWI-M00529R:60:000000000-AJBLL:1:1101:17967:15238;"Bacteria;Proteobacteria;Gammaproteobacteria;Enterobacterales;Enterobacteriaceae;Escherichia-Shigella;"
HWI-M00529R:60:000000000-AJBLL:1:1101:17902:15256;"Bacteria;Firmicutes;Negativicutes;Veillonellales-Selenomonadales;Veillonellaceae;Dialister;"
HWI-M00529R:60:000000000-AJBLL:1:1101:29098:15265;"Bacteria;Firmicutes;Clostridia;Lachnospirales;Lachnospiraceae;Blautia;"
HWI-M00529R:60:000000000-AJBLL:1:1101:7638:15294;"Bacteria;Firmicutes;Clostridia;Oscillospirales;[Eubacterium] coprostanoligenes group;"
HWI-M00529R:60:000000000-AJBLL:1:1101:22411:15301;"Bacteria;Bacteroidota;Bacteroidia;Bacteroidales;Prevotellaceae;Prevotellaceae UCG-001;"
HWI-M00529R:60:000000000-AJBLL:1:1101:24953:15335;"Bacteria;Firmicutes;Clostridia;Oscillospirales;Ruminococcaceae;Faecalibacterium;"
HWI-M00529R:60:000000000-AJBLL:1:1101:21558:15356;"Bacteria;Firmicutes;Clostridia;Oscillospirales;Ruminococcaceae;Ruminococcus;"
HWI-M00529R:60:000000000-AJBLL:1:1101:2569:15373;"Bacteria;Bacteroidota;Bacteroidia;Bacteroidales;Prevotellaceae;Prevotellaceae UCG-001;"
HWI-M00529R:60:000000000-AJBLL:1:1101:25110:15381;"Bacteria;Firmicutes;Clostridia;Oscillospirales;Ruminococcaceae;Faecalibacterium;"
HWI-M00529R:60:000000000-AJBLL:1:1101:22884:15450;"Bacteria;Actinobacteriota;Actinobacteria;Bifidobacteriales;Bifidobacteriaceae;Bifidobacterium;"
HWI-M00529R:60:000000000-AJBLL:1:1101:22089:15459;"Bacteria;Bacteroidota;Bacteroidia;Bacteroidales;Prevotellaceae;Prevotellaceae UCG-001;"
HWI-M00529R:60:000000000-AJBLL:1:1101:19195:15507;"Bacteria;Firmicutes;Negativicutes;Veillonellales-Selenomonadales;Veillonellaceae;Dialister;"
HWI-M00529R:60:000000000-AJBLL:1:1101:22986:15524;"Bacteria;Firmicutes;Clostridia;Lachnospirales;Lachnospiraceae;"
HWI-M00529R:60:000000000-AJBLL:1:1101:18158:15572;"Bacteria;Firmicutes;Clostridia;Oscillospirales;Oscillospiraceae;UCG-002;"
HWI-M00529R:60:000000000-AJBLL:1:1101:23138:15578;"Bacteria;Bacteroidota;Bacteroidia;Bacteroidales;Marinifilaceae;Butyricimonas;"
HWI-M00529R:60:000000000-AJBLL:1:1101:22873:15606;"Bacteria;Bacteroidota;Bacteroidia;Bacteroidales;Barnesiellaceae;Barnesiella;"
